--
-- PostgreSQL database dump
--

-- Dumped from database version 17.4
-- Dumped by pg_dump version 17.4

SET statement_timeout = 0;
SET lock_timeout = 0;
SET idle_in_transaction_session_timeout = 0;
SET transaction_timeout = 0;
SET client_encoding = 'UTF8';
SET standard_conforming_strings = on;
SELECT pg_catalog.set_config('search_path', '', false);
SET check_function_bodies = false;
SET xmloption = content;
SET client_min_messages = warning;
SET row_security = off;

--
-- Name: public; Type: SCHEMA; Schema: -; Owner: djcrmuser
--

-- *not* creating schema, since initdb creates it


ALTER SCHEMA public OWNER TO postgres;

SET default_tablespace = '';

SET default_table_access_method = heap;

--
-- Name: auth_group; Type: TABLE; Schema: public; Owner: djcrmuser
--

CREATE TABLE public.auth_group (
    id integer NOT NULL,
    name character varying(150) NOT NULL
);


ALTER TABLE public.auth_group OWNER TO postgres;

--
-- Name: auth_group_id_seq; Type: SEQUENCE; Schema: public; Owner: djcrmuser
--

ALTER TABLE public.auth_group ALTER COLUMN id ADD GENERATED BY DEFAULT AS IDENTITY (
    SEQUENCE NAME public.auth_group_id_seq
    START WITH 1
    INCREMENT BY 1
    NO MINVALUE
    NO MAXVALUE
    CACHE 1
);


--
-- Name: auth_group_permissions; Type: TABLE; Schema: public; Owner: djcrmuser
--

CREATE TABLE public.auth_group_permissions (
    id integer NOT NULL,
    group_id integer NOT NULL,
    permission_id integer NOT NULL
);


ALTER TABLE public.auth_group_permissions OWNER TO postgres;

--
-- Name: auth_group_permissions_id_seq; Type: SEQUENCE; Schema: public; Owner: djcrmuser
--

ALTER TABLE public.auth_group_permissions ALTER COLUMN id ADD GENERATED BY DEFAULT AS IDENTITY (
    SEQUENCE NAME public.auth_group_permissions_id_seq
    START WITH 1
    INCREMENT BY 1
    NO MINVALUE
    NO MAXVALUE
    CACHE 1
);


--
-- Name: auth_permission; Type: TABLE; Schema: public; Owner: djcrmuser
--

CREATE TABLE public.auth_permission (
    id integer NOT NULL,
    name character varying(255) NOT NULL,
    content_type_id integer NOT NULL,
    codename character varying(100) NOT NULL
);


ALTER TABLE public.auth_permission OWNER TO postgres;

--
-- Name: auth_permission_id_seq; Type: SEQUENCE; Schema: public; Owner: djcrmuser
--

ALTER TABLE public.auth_permission ALTER COLUMN id ADD GENERATED BY DEFAULT AS IDENTITY (
    SEQUENCE NAME public.auth_permission_id_seq
    START WITH 1
    INCREMENT BY 1
    NO MINVALUE
    NO MAXVALUE
    CACHE 1
);


--
-- Name: django_admin_log; Type: TABLE; Schema: public; Owner: djcrmuser
--

CREATE TABLE public.django_admin_log (
    id integer NOT NULL,
    action_time timestamp with time zone NOT NULL,
    object_id text,
    object_repr character varying(200) NOT NULL,
    action_flag smallint NOT NULL,
    change_message text NOT NULL,
    content_type_id integer,
    user_id integer NOT NULL,
    CONSTRAINT django_admin_log_action_flag_check CHECK ((action_flag >= 0))
);


ALTER TABLE public.django_admin_log OWNER TO postgres;

--
-- Name: django_admin_log_id_seq; Type: SEQUENCE; Schema: public; Owner: djcrmuser
--

ALTER TABLE public.django_admin_log ALTER COLUMN id ADD GENERATED BY DEFAULT AS IDENTITY (
    SEQUENCE NAME public.django_admin_log_id_seq
    START WITH 1
    INCREMENT BY 1
    NO MINVALUE
    NO MAXVALUE
    CACHE 1
);


--
-- Name: django_content_type; Type: TABLE; Schema: public; Owner: djcrmuser
--

CREATE TABLE public.django_content_type (
    id integer NOT NULL,
    app_label character varying(100) NOT NULL,
    model character varying(100) NOT NULL
);


ALTER TABLE public.django_content_type OWNER TO postgres;

--
-- Name: django_content_type_id_seq; Type: SEQUENCE; Schema: public; Owner: djcrmuser
--

ALTER TABLE public.django_content_type ALTER COLUMN id ADD GENERATED BY DEFAULT AS IDENTITY (
    SEQUENCE NAME public.django_content_type_id_seq
    START WITH 1
    INCREMENT BY 1
    NO MINVALUE
    NO MAXVALUE
    CACHE 1
);


--
-- Name: django_migrations; Type: TABLE; Schema: public; Owner: djcrmuser
--

CREATE TABLE public.django_migrations (
    id integer NOT NULL,
    app character varying(255) NOT NULL,
    name character varying(255) NOT NULL,
    applied timestamp with time zone NOT NULL
);


ALTER TABLE public.django_migrations OWNER TO postgres;

--
-- Name: django_migrations_id_seq; Type: SEQUENCE; Schema: public; Owner: djcrmuser
--

ALTER TABLE public.django_migrations ALTER COLUMN id ADD GENERATED BY DEFAULT AS IDENTITY (
    SEQUENCE NAME public.django_migrations_id_seq
    START WITH 1
    INCREMENT BY 1
    NO MINVALUE
    NO MAXVALUE
    CACHE 1
);


--
-- Name: django_session; Type: TABLE; Schema: public; Owner: djcrmuser
--

CREATE TABLE public.django_session (
    session_key character varying(40) NOT NULL,
    session_data text NOT NULL,
    expire_date timestamp with time zone NOT NULL
);


ALTER TABLE public.django_session OWNER TO postgres;

--
-- Name: leads_agent; Type: TABLE; Schema: public; Owner: djcrmuser
--

CREATE TABLE public.leads_agent (
    id integer NOT NULL,
    user_id integer NOT NULL,
    organization_id integer NOT NULL
);


ALTER TABLE public.leads_agent OWNER TO postgres;

--
-- Name: leads_agent_id_seq; Type: SEQUENCE; Schema: public; Owner: djcrmuser
--

ALTER TABLE public.leads_agent ALTER COLUMN id ADD GENERATED BY DEFAULT AS IDENTITY (
    SEQUENCE NAME public.leads_agent_id_seq
    START WITH 1
    INCREMENT BY 1
    NO MINVALUE
    NO MAXVALUE
    CACHE 1
);


--
-- Name: leads_category; Type: TABLE; Schema: public; Owner: djcrmuser
--

CREATE TABLE public.leads_category (
    id integer NOT NULL,
    name character varying(30) NOT NULL,
    organization_id integer NOT NULL
);


ALTER TABLE public.leads_category OWNER TO postgres;

--
-- Name: leads_category_id_seq; Type: SEQUENCE; Schema: public; Owner: djcrmuser
--

ALTER TABLE public.leads_category ALTER COLUMN id ADD GENERATED BY DEFAULT AS IDENTITY (
    SEQUENCE NAME public.leads_category_id_seq
    START WITH 1
    INCREMENT BY 1
    NO MINVALUE
    NO MAXVALUE
    CACHE 1
);


--
-- Name: leads_lead; Type: TABLE; Schema: public; Owner: djcrmuser
--

CREATE TABLE public.leads_lead (
    id integer NOT NULL,
    first_name character varying(20) NOT NULL,
    last_name character varying(20) NOT NULL,
    age integer NOT NULL,
    agent_id integer,
    organization_id integer NOT NULL,
    category_id integer,
    date_added timestamp with time zone NOT NULL,
    description text NOT NULL,
    email character varying(254) NOT NULL,
    phone_number character varying(10) NOT NULL
);


ALTER TABLE public.leads_lead OWNER TO postgres;

--
-- Name: leads_lead_id_seq; Type: SEQUENCE; Schema: public; Owner: djcrmuser
--

ALTER TABLE public.leads_lead ALTER COLUMN id ADD GENERATED BY DEFAULT AS IDENTITY (
    SEQUENCE NAME public.leads_lead_id_seq
    START WITH 1
    INCREMENT BY 1
    NO MINVALUE
    NO MAXVALUE
    CACHE 1
);


--
-- Name: leads_user; Type: TABLE; Schema: public; Owner: djcrmuser
--

CREATE TABLE public.leads_user (
    id integer NOT NULL,
    password character varying(128) NOT NULL,
    last_login timestamp with time zone,
    is_superuser boolean NOT NULL,
    username character varying(150) NOT NULL,
    first_name character varying(150) NOT NULL,
    last_name character varying(150) NOT NULL,
    email character varying(254) NOT NULL,
    is_staff boolean NOT NULL,
    is_active boolean NOT NULL,
    date_joined timestamp with time zone NOT NULL,
    is_agent boolean NOT NULL,
    is_organisor boolean NOT NULL
);


ALTER TABLE public.leads_user OWNER TO postgres;

--
-- Name: leads_user_groups; Type: TABLE; Schema: public; Owner: djcrmuser
--

CREATE TABLE public.leads_user_groups (
    id integer NOT NULL,
    user_id integer NOT NULL,
    group_id integer NOT NULL
);


ALTER TABLE public.leads_user_groups OWNER TO postgres;

--
-- Name: leads_user_groups_id_seq; Type: SEQUENCE; Schema: public; Owner: djcrmuser
--

ALTER TABLE public.leads_user_groups ALTER COLUMN id ADD GENERATED BY DEFAULT AS IDENTITY (
    SEQUENCE NAME public.leads_user_groups_id_seq
    START WITH 1
    INCREMENT BY 1
    NO MINVALUE
    NO MAXVALUE
    CACHE 1
);


--
-- Name: leads_user_id_seq; Type: SEQUENCE; Schema: public; Owner: djcrmuser
--

ALTER TABLE public.leads_user ALTER COLUMN id ADD GENERATED BY DEFAULT AS IDENTITY (
    SEQUENCE NAME public.leads_user_id_seq
    START WITH 1
    INCREMENT BY 1
    NO MINVALUE
    NO MAXVALUE
    CACHE 1
);


--
-- Name: leads_user_user_permissions; Type: TABLE; Schema: public; Owner: djcrmuser
--

CREATE TABLE public.leads_user_user_permissions (
    id integer NOT NULL,
    user_id integer NOT NULL,
    permission_id integer NOT NULL
);


ALTER TABLE public.leads_user_user_permissions OWNER TO postgres;

--
-- Name: leads_user_user_permissions_id_seq; Type: SEQUENCE; Schema: public; Owner: djcrmuser
--

ALTER TABLE public.leads_user_user_permissions ALTER COLUMN id ADD GENERATED BY DEFAULT AS IDENTITY (
    SEQUENCE NAME public.leads_user_user_permissions_id_seq
    START WITH 1
    INCREMENT BY 1
    NO MINVALUE
    NO MAXVALUE
    CACHE 1
);


--
-- Name: leads_userprofile; Type: TABLE; Schema: public; Owner: djcrmuser
--

CREATE TABLE public.leads_userprofile (
    id integer NOT NULL,
    user_id integer NOT NULL
);


ALTER TABLE public.leads_userprofile OWNER TO postgres;

--
-- Name: leads_userprofile_id_seq; Type: SEQUENCE; Schema: public; Owner: djcrmuser
--

ALTER TABLE public.leads_userprofile ALTER COLUMN id ADD GENERATED BY DEFAULT AS IDENTITY (
    SEQUENCE NAME public.leads_userprofile_id_seq
    START WITH 1
    INCREMENT BY 1
    NO MINVALUE
    NO MAXVALUE
    CACHE 1
);


--
-- Data for Name: auth_group; Type: TABLE DATA; Schema: public; Owner: djcrmuser
--

COPY public.auth_group (id, name) FROM stdin;
\.


--
-- Data for Name: auth_group_permissions; Type: TABLE DATA; Schema: public; Owner: djcrmuser
--

COPY public.auth_group_permissions (id, group_id, permission_id) FROM stdin;
\.


--
-- Data for Name: auth_permission; Type: TABLE DATA; Schema: public; Owner: djcrmuser
--

COPY public.auth_permission (id, name, content_type_id, codename) FROM stdin;
1	Can add log entry	1	add_logentry
2	Can change log entry	1	change_logentry
3	Can delete log entry	1	delete_logentry
4	Can view log entry	1	view_logentry
5	Can add permission	2	add_permission
6	Can change permission	2	change_permission
7	Can delete permission	2	delete_permission
8	Can view permission	2	view_permission
9	Can add group	3	add_group
10	Can change group	3	change_group
11	Can delete group	3	delete_group
12	Can view group	3	view_group
13	Can add content type	4	add_contenttype
14	Can change content type	4	change_contenttype
15	Can delete content type	4	delete_contenttype
16	Can view content type	4	view_contenttype
17	Can add session	5	add_session
18	Can change session	5	change_session
19	Can delete session	5	delete_session
20	Can view session	5	view_session
21	Can add user	6	add_user
22	Can change user	6	change_user
23	Can delete user	6	delete_user
24	Can view user	6	view_user
25	Can add agent	7	add_agent
26	Can change agent	7	change_agent
27	Can delete agent	7	delete_agent
28	Can view agent	7	view_agent
29	Can add lead	8	add_lead
30	Can change lead	8	change_lead
31	Can delete lead	8	delete_lead
32	Can view lead	8	view_lead
33	Can add user profile	9	add_userprofile
34	Can change user profile	9	change_userprofile
35	Can delete user profile	9	delete_userprofile
36	Can view user profile	9	view_userprofile
37	Can add category	10	add_category
38	Can change category	10	change_category
39	Can delete category	10	delete_category
40	Can view category	10	view_category
\.


--
-- Data for Name: django_admin_log; Type: TABLE DATA; Schema: public; Owner: djcrmuser
--

COPY public.django_admin_log (id, action_time, object_id, object_repr, action_flag, change_message, content_type_id, user_id) FROM stdin;
1	2025-05-02 17:00:39.983006+05:30	1	Contacted	1	[{"added": {}}]	10	2
2	2025-05-02 17:00:49.775578+05:30	2	Converted	1	[{"added": {}}]	10	2
3	2025-05-02 17:00:58.236573+05:30	3	Unconverted	1	[{"added": {}}]	10	2
4	2025-05-02 17:05:38.577016+05:30	2	lead2 two	1	[{"added": {}}]	8	2
5	2025-05-02 17:08:01.849901+05:30	1	anurag	2	[{"changed": {"fields": ["Password"]}}]	6	2
\.


--
-- Data for Name: django_content_type; Type: TABLE DATA; Schema: public; Owner: djcrmuser
--

COPY public.django_content_type (id, app_label, model) FROM stdin;
1	admin	logentry
2	auth	permission
3	auth	group
4	contenttypes	contenttype
5	sessions	session
6	leads	user
7	leads	agent
8	leads	lead
9	leads	userprofile
10	leads	category
\.


--
-- Data for Name: django_migrations; Type: TABLE DATA; Schema: public; Owner: djcrmuser
--

COPY public.django_migrations (id, app, name, applied) FROM stdin;
1	contenttypes	0001_initial	2025-05-01 21:22:40.31485+05:30
2	contenttypes	0002_remove_content_type_name	2025-05-01 21:22:40.328527+05:30
3	auth	0001_initial	2025-05-01 21:22:40.386171+05:30
4	auth	0002_alter_permission_name_max_length	2025-05-01 21:22:40.392187+05:30
5	auth	0003_alter_user_email_max_length	2025-05-01 21:22:40.398688+05:30
6	auth	0004_alter_user_username_opts	2025-05-01 21:22:40.404876+05:30
7	auth	0005_alter_user_last_login_null	2025-05-01 21:22:40.411266+05:30
8	auth	0006_require_contenttypes_0002	2025-05-01 21:22:40.413295+05:30
9	auth	0007_alter_validators_add_error_messages	2025-05-01 21:22:40.417682+05:30
10	auth	0008_alter_user_username_max_length	2025-05-01 21:22:40.423045+05:30
11	auth	0009_alter_user_last_name_max_length	2025-05-01 21:22:40.430414+05:30
12	auth	0010_alter_group_name_max_length	2025-05-01 21:22:40.437851+05:30
13	auth	0011_update_proxy_permissions	2025-05-01 21:22:40.444009+05:30
14	auth	0012_alter_user_first_name_max_length	2025-05-01 21:22:40.452124+05:30
15	leads	0001_initial	2025-05-01 21:22:40.522752+05:30
16	admin	0001_initial	2025-05-01 21:22:40.54654+05:30
17	admin	0002_logentry_remove_auto_add	2025-05-01 21:22:40.55541+05:30
18	admin	0003_logentry_add_action_flag_choices	2025-05-01 21:22:40.564283+05:30
19	leads	0002_auto_20250417_1305	2025-05-01 21:22:40.59952+05:30
20	leads	0003_auto_20250417_1938	2025-05-01 21:22:40.632721+05:30
21	leads	0004_auto_20250418_1722	2025-05-01 21:22:40.649027+05:30
22	leads	0005_auto_20250418_1954	2025-05-01 21:22:40.665948+05:30
23	leads	0006_lead_organization	2025-05-01 21:22:40.681008+05:30
24	leads	0007_auto_20250425_1801	2025-05-01 21:22:40.701416+05:30
25	leads	0008_category_organization	2025-05-01 21:22:40.718894+05:30
26	leads	0009_auto_20250427_0858	2025-05-01 21:22:40.735817+05:30
27	leads	0010_auto_20250427_2224	2025-05-01 21:22:40.746523+05:30
28	leads	0011_lead_date_added_lead_description_lead_email_and_more	2025-05-01 21:22:40.777468+05:30
29	sessions	0001_initial	2025-05-01 21:22:40.791609+05:30
\.


--
-- Data for Name: django_session; Type: TABLE DATA; Schema: public; Owner: djcrmuser
--

COPY public.django_session (session_key, session_data, expire_date) FROM stdin;
\.


--
-- Data for Name: leads_agent; Type: TABLE DATA; Schema: public; Owner: djcrmuser
--

COPY public.leads_agent (id, user_id, organization_id) FROM stdin;
1	3	2
2	4	2
3	5	2
4	6	2
\.


--
-- Data for Name: leads_category; Type: TABLE DATA; Schema: public; Owner: djcrmuser
--

COPY public.leads_category (id, name, organization_id) FROM stdin;
1	Contacted	2
2	Converted	2
3	Unconverted	2
\.


--
-- Data for Name: leads_lead; Type: TABLE DATA; Schema: public; Owner: djcrmuser
--

COPY public.leads_lead (id, first_name, last_name, age, agent_id, organization_id, category_id, date_added, description, email, phone_number) FROM stdin;
1	lead1	one	50	1	2	1	2025-05-02 16:59:19.395602+05:30	this is the first lead here	testlead1@gmail.com	741852963
2	lead2	two	60	\N	2	\N	2025-05-02 17:05:38.575358+05:30	first unassigned lead	lead2@gmail.com	123456789
\.


--
-- Data for Name: leads_user; Type: TABLE DATA; Schema: public; Owner: djcrmuser
--

COPY public.leads_user (id, password, last_login, is_superuser, username, first_name, last_name, email, is_staff, is_active, date_joined, is_agent, is_organisor) FROM stdin;
3	pbkdf2_sha256$1000000$cLtcLPndtzf1thaXatQgiD$SaXunkAH/doq23UwVmfE8Jit5s0bUqBoQ2EcTWUqI3g=	\N	f	agent1	Agent1	Test	agent1@gmail.com	f	t	2025-05-02 16:58:32.382018+05:30	t	f
4	pbkdf2_sha256$1000000$c31DRxUOprtVpZTOLWUTsn$XkEou+XLcMk/DchQ5coJY24He+DLTnGRYSp16nDonY0=	\N	f	Agent2	Agent	two test	agent2@gmail.com	f	t	2025-05-02 17:02:10.099044+05:30	t	f
5	pbkdf2_sha256$1000000$vxyGu4SlraYxe04VVWu2P3$3TFR4VtEz9m1PYJZsRI4g2lB24ZA/rPy9cvsPsUvhKk=	\N	f	Agent3	agent3	three test	agent3@gmail.com	f	t	2025-05-02 17:02:36.240087+05:30	t	f
6	pbkdf2_sha256$1000000$UHMiH3zBvaf7n3FNofqI8V$sSw01mSbAKviFQECl7L4DamlfDnKkeghqwdp0QJX1GQ=	\N	f	Agent4	Agent4	four test	agent4@gmail.com	f	t	2025-05-02 17:03:00.26652+05:30	t	f
1	pbkdf2_sha256$1000000$7RufolXgersB7kMBJvQB1x$JyptFmJnTjcLMScQma249AdeDRCZc4fmqCJKprbpGww=	2025-05-02 17:08:08.648056+05:30	f	anurag				f	t	2025-05-02 16:44:01+05:30	f	t
2	pbkdf2_sha256$1000000$7RufolXgersB7kMBJvQB1x$JyptFmJnTjcLMScQma249AdeDRCZc4fmqCJKprbpGww=	2025-05-02 17:11:51.143549+05:30	t	Anurag			anurag200266@gmail.com	t	t	2025-05-02 16:50:05.4283+05:30	f	t
\.


--
-- Data for Name: leads_user_groups; Type: TABLE DATA; Schema: public; Owner: djcrmuser
--

COPY public.leads_user_groups (id, user_id, group_id) FROM stdin;
\.


--
-- Data for Name: leads_user_user_permissions; Type: TABLE DATA; Schema: public; Owner: djcrmuser
--

COPY public.leads_user_user_permissions (id, user_id, permission_id) FROM stdin;
\.


--
-- Data for Name: leads_userprofile; Type: TABLE DATA; Schema: public; Owner: djcrmuser
--

COPY public.leads_userprofile (id, user_id) FROM stdin;
1	1
2	2
3	3
4	4
5	5
6	6
\.


--
-- Name: auth_group_id_seq; Type: SEQUENCE SET; Schema: public; Owner: djcrmuser
--

SELECT pg_catalog.setval('public.auth_group_id_seq', 1, false);


--
-- Name: auth_group_permissions_id_seq; Type: SEQUENCE SET; Schema: public; Owner: djcrmuser
--

SELECT pg_catalog.setval('public.auth_group_permissions_id_seq', 1, false);


--
-- Name: auth_permission_id_seq; Type: SEQUENCE SET; Schema: public; Owner: djcrmuser
--

SELECT pg_catalog.setval('public.auth_permission_id_seq', 40, true);


--
-- Name: django_admin_log_id_seq; Type: SEQUENCE SET; Schema: public; Owner: djcrmuser
--

SELECT pg_catalog.setval('public.django_admin_log_id_seq', 5, true);


--
-- Name: django_content_type_id_seq; Type: SEQUENCE SET; Schema: public; Owner: djcrmuser
--

SELECT pg_catalog.setval('public.django_content_type_id_seq', 10, true);


--
-- Name: django_migrations_id_seq; Type: SEQUENCE SET; Schema: public; Owner: djcrmuser
--

SELECT pg_catalog.setval('public.django_migrations_id_seq', 29, true);


--
-- Name: leads_agent_id_seq; Type: SEQUENCE SET; Schema: public; Owner: djcrmuser
--

SELECT pg_catalog.setval('public.leads_agent_id_seq', 4, true);


--
-- Name: leads_category_id_seq; Type: SEQUENCE SET; Schema: public; Owner: djcrmuser
--

SELECT pg_catalog.setval('public.leads_category_id_seq', 3, true);


--
-- Name: leads_lead_id_seq; Type: SEQUENCE SET; Schema: public; Owner: djcrmuser
--

SELECT pg_catalog.setval('public.leads_lead_id_seq', 2, true);


--
-- Name: leads_user_groups_id_seq; Type: SEQUENCE SET; Schema: public; Owner: djcrmuser
--

SELECT pg_catalog.setval('public.leads_user_groups_id_seq', 1, false);


--
-- Name: leads_user_id_seq; Type: SEQUENCE SET; Schema: public; Owner: djcrmuser
--

SELECT pg_catalog.setval('public.leads_user_id_seq', 6, true);


--
-- Name: leads_user_user_permissions_id_seq; Type: SEQUENCE SET; Schema: public; Owner: djcrmuser
--

SELECT pg_catalog.setval('public.leads_user_user_permissions_id_seq', 1, false);


--
-- Name: leads_userprofile_id_seq; Type: SEQUENCE SET; Schema: public; Owner: djcrmuser
--

SELECT pg_catalog.setval('public.leads_userprofile_id_seq', 6, true);


--
-- Name: auth_group auth_group_name_key; Type: CONSTRAINT; Schema: public; Owner: djcrmuser
--

ALTER TABLE ONLY public.auth_group
    ADD CONSTRAINT auth_group_name_key UNIQUE (name);


--
-- Name: auth_group_permissions auth_group_permissions_group_id_permission_id_0cd325b0_uniq; Type: CONSTRAINT; Schema: public; Owner: djcrmuser
--

ALTER TABLE ONLY public.auth_group_permissions
    ADD CONSTRAINT auth_group_permissions_group_id_permission_id_0cd325b0_uniq UNIQUE (group_id, permission_id);


--
-- Name: auth_group_permissions auth_group_permissions_pkey; Type: CONSTRAINT; Schema: public; Owner: djcrmuser
--

ALTER TABLE ONLY public.auth_group_permissions
    ADD CONSTRAINT auth_group_permissions_pkey PRIMARY KEY (id);


--
-- Name: auth_group auth_group_pkey; Type: CONSTRAINT; Schema: public; Owner: djcrmuser
--

ALTER TABLE ONLY public.auth_group
    ADD CONSTRAINT auth_group_pkey PRIMARY KEY (id);


--
-- Name: auth_permission auth_permission_content_type_id_codename_01ab375a_uniq; Type: CONSTRAINT; Schema: public; Owner: djcrmuser
--

ALTER TABLE ONLY public.auth_permission
    ADD CONSTRAINT auth_permission_content_type_id_codename_01ab375a_uniq UNIQUE (content_type_id, codename);


--
-- Name: auth_permission auth_permission_pkey; Type: CONSTRAINT; Schema: public; Owner: djcrmuser
--

ALTER TABLE ONLY public.auth_permission
    ADD CONSTRAINT auth_permission_pkey PRIMARY KEY (id);


--
-- Name: django_admin_log django_admin_log_pkey; Type: CONSTRAINT; Schema: public; Owner: djcrmuser
--

ALTER TABLE ONLY public.django_admin_log
    ADD CONSTRAINT django_admin_log_pkey PRIMARY KEY (id);


--
-- Name: django_content_type django_content_type_app_label_model_76bd3d3b_uniq; Type: CONSTRAINT; Schema: public; Owner: djcrmuser
--

ALTER TABLE ONLY public.django_content_type
    ADD CONSTRAINT django_content_type_app_label_model_76bd3d3b_uniq UNIQUE (app_label, model);


--
-- Name: django_content_type django_content_type_pkey; Type: CONSTRAINT; Schema: public; Owner: djcrmuser
--

ALTER TABLE ONLY public.django_content_type
    ADD CONSTRAINT django_content_type_pkey PRIMARY KEY (id);


--
-- Name: django_migrations django_migrations_pkey; Type: CONSTRAINT; Schema: public; Owner: djcrmuser
--

ALTER TABLE ONLY public.django_migrations
    ADD CONSTRAINT django_migrations_pkey PRIMARY KEY (id);


--
-- Name: django_session django_session_pkey; Type: CONSTRAINT; Schema: public; Owner: djcrmuser
--

ALTER TABLE ONLY public.django_session
    ADD CONSTRAINT django_session_pkey PRIMARY KEY (session_key);


--
-- Name: leads_agent leads_agent_pkey; Type: CONSTRAINT; Schema: public; Owner: djcrmuser
--

ALTER TABLE ONLY public.leads_agent
    ADD CONSTRAINT leads_agent_pkey PRIMARY KEY (id);


--
-- Name: leads_agent leads_agent_user_id_key; Type: CONSTRAINT; Schema: public; Owner: djcrmuser
--

ALTER TABLE ONLY public.leads_agent
    ADD CONSTRAINT leads_agent_user_id_key UNIQUE (user_id);


--
-- Name: leads_category leads_category_pkey; Type: CONSTRAINT; Schema: public; Owner: djcrmuser
--

ALTER TABLE ONLY public.leads_category
    ADD CONSTRAINT leads_category_pkey PRIMARY KEY (id);


--
-- Name: leads_lead leads_lead_pkey; Type: CONSTRAINT; Schema: public; Owner: djcrmuser
--

ALTER TABLE ONLY public.leads_lead
    ADD CONSTRAINT leads_lead_pkey PRIMARY KEY (id);


--
-- Name: leads_user_groups leads_user_groups_pkey; Type: CONSTRAINT; Schema: public; Owner: djcrmuser
--

ALTER TABLE ONLY public.leads_user_groups
    ADD CONSTRAINT leads_user_groups_pkey PRIMARY KEY (id);


--
-- Name: leads_user_groups leads_user_groups_user_id_group_id_88d9b26c_uniq; Type: CONSTRAINT; Schema: public; Owner: djcrmuser
--

ALTER TABLE ONLY public.leads_user_groups
    ADD CONSTRAINT leads_user_groups_user_id_group_id_88d9b26c_uniq UNIQUE (user_id, group_id);


--
-- Name: leads_user leads_user_pkey; Type: CONSTRAINT; Schema: public; Owner: djcrmuser
--

ALTER TABLE ONLY public.leads_user
    ADD CONSTRAINT leads_user_pkey PRIMARY KEY (id);


--
-- Name: leads_user_user_permissions leads_user_user_permissions_pkey; Type: CONSTRAINT; Schema: public; Owner: djcrmuser
--

ALTER TABLE ONLY public.leads_user_user_permissions
    ADD CONSTRAINT leads_user_user_permissions_pkey PRIMARY KEY (id);


--
-- Name: leads_user_user_permissions leads_user_user_permissions_user_id_permission_id_5b6424e2_uniq; Type: CONSTRAINT; Schema: public; Owner: djcrmuser
--

ALTER TABLE ONLY public.leads_user_user_permissions
    ADD CONSTRAINT leads_user_user_permissions_user_id_permission_id_5b6424e2_uniq UNIQUE (user_id, permission_id);


--
-- Name: leads_user leads_user_username_key; Type: CONSTRAINT; Schema: public; Owner: djcrmuser
--

ALTER TABLE ONLY public.leads_user
    ADD CONSTRAINT leads_user_username_key UNIQUE (username);


--
-- Name: leads_userprofile leads_userprofile_pkey; Type: CONSTRAINT; Schema: public; Owner: djcrmuser
--

ALTER TABLE ONLY public.leads_userprofile
    ADD CONSTRAINT leads_userprofile_pkey PRIMARY KEY (id);


--
-- Name: leads_userprofile leads_userprofile_user_id_key; Type: CONSTRAINT; Schema: public; Owner: djcrmuser
--

ALTER TABLE ONLY public.leads_userprofile
    ADD CONSTRAINT leads_userprofile_user_id_key UNIQUE (user_id);


--
-- Name: auth_group_name_a6ea08ec_like; Type: INDEX; Schema: public; Owner: djcrmuser
--

CREATE INDEX auth_group_name_a6ea08ec_like ON public.auth_group USING btree (name varchar_pattern_ops);


--
-- Name: auth_group_permissions_group_id_b120cbf9; Type: INDEX; Schema: public; Owner: djcrmuser
--

CREATE INDEX auth_group_permissions_group_id_b120cbf9 ON public.auth_group_permissions USING btree (group_id);


--
-- Name: auth_group_permissions_permission_id_84c5c92e; Type: INDEX; Schema: public; Owner: djcrmuser
--

CREATE INDEX auth_group_permissions_permission_id_84c5c92e ON public.auth_group_permissions USING btree (permission_id);


--
-- Name: auth_permission_content_type_id_2f476e4b; Type: INDEX; Schema: public; Owner: djcrmuser
--

CREATE INDEX auth_permission_content_type_id_2f476e4b ON public.auth_permission USING btree (content_type_id);


--
-- Name: django_admin_log_content_type_id_c4bce8eb; Type: INDEX; Schema: public; Owner: djcrmuser
--

CREATE INDEX django_admin_log_content_type_id_c4bce8eb ON public.django_admin_log USING btree (content_type_id);


--
-- Name: django_admin_log_user_id_c564eba6; Type: INDEX; Schema: public; Owner: djcrmuser
--

CREATE INDEX django_admin_log_user_id_c564eba6 ON public.django_admin_log USING btree (user_id);


--
-- Name: django_session_expire_date_a5c62663; Type: INDEX; Schema: public; Owner: djcrmuser
--

CREATE INDEX django_session_expire_date_a5c62663 ON public.django_session USING btree (expire_date);


--
-- Name: django_session_session_key_c0390e0f_like; Type: INDEX; Schema: public; Owner: djcrmuser
--

CREATE INDEX django_session_session_key_c0390e0f_like ON public.django_session USING btree (session_key varchar_pattern_ops);


--
-- Name: leads_agent_oeganization_id_3ccb7f01; Type: INDEX; Schema: public; Owner: djcrmuser
--

CREATE INDEX leads_agent_oeganization_id_3ccb7f01 ON public.leads_agent USING btree (organization_id);


--
-- Name: leads_category_organization_id_eb5d8fa3; Type: INDEX; Schema: public; Owner: djcrmuser
--

CREATE INDEX leads_category_organization_id_eb5d8fa3 ON public.leads_category USING btree (organization_id);


--
-- Name: leads_lead_agent_id_fb1042af; Type: INDEX; Schema: public; Owner: djcrmuser
--

CREATE INDEX leads_lead_agent_id_fb1042af ON public.leads_lead USING btree (agent_id);


--
-- Name: leads_lead_category_id_eb5283fa; Type: INDEX; Schema: public; Owner: djcrmuser
--

CREATE INDEX leads_lead_category_id_eb5283fa ON public.leads_lead USING btree (category_id);


--
-- Name: leads_lead_organization_id_32e3ac83; Type: INDEX; Schema: public; Owner: djcrmuser
--

CREATE INDEX leads_lead_organization_id_32e3ac83 ON public.leads_lead USING btree (organization_id);


--
-- Name: leads_user_groups_group_id_17e877ad; Type: INDEX; Schema: public; Owner: djcrmuser
--

CREATE INDEX leads_user_groups_group_id_17e877ad ON public.leads_user_groups USING btree (group_id);


--
-- Name: leads_user_groups_user_id_6890bdd8; Type: INDEX; Schema: public; Owner: djcrmuser
--

CREATE INDEX leads_user_groups_user_id_6890bdd8 ON public.leads_user_groups USING btree (user_id);


--
-- Name: leads_user_user_permissions_permission_id_88335dba; Type: INDEX; Schema: public; Owner: djcrmuser
--

CREATE INDEX leads_user_user_permissions_permission_id_88335dba ON public.leads_user_user_permissions USING btree (permission_id);


--
-- Name: leads_user_user_permissions_user_id_2a9cf662; Type: INDEX; Schema: public; Owner: djcrmuser
--

CREATE INDEX leads_user_user_permissions_user_id_2a9cf662 ON public.leads_user_user_permissions USING btree (user_id);


--
-- Name: leads_user_username_e6a0880d_like; Type: INDEX; Schema: public; Owner: djcrmuser
--

CREATE INDEX leads_user_username_e6a0880d_like ON public.leads_user USING btree (username varchar_pattern_ops);


--
-- Name: auth_group_permissions auth_group_permissio_permission_id_84c5c92e_fk_auth_perm; Type: FK CONSTRAINT; Schema: public; Owner: djcrmuser
--

ALTER TABLE ONLY public.auth_group_permissions
    ADD CONSTRAINT auth_group_permissio_permission_id_84c5c92e_fk_auth_perm FOREIGN KEY (permission_id) REFERENCES public.auth_permission(id) DEFERRABLE INITIALLY DEFERRED;


--
-- Name: auth_group_permissions auth_group_permissions_group_id_b120cbf9_fk_auth_group_id; Type: FK CONSTRAINT; Schema: public; Owner: djcrmuser
--

ALTER TABLE ONLY public.auth_group_permissions
    ADD CONSTRAINT auth_group_permissions_group_id_b120cbf9_fk_auth_group_id FOREIGN KEY (group_id) REFERENCES public.auth_group(id) DEFERRABLE INITIALLY DEFERRED;


--
-- Name: auth_permission auth_permission_content_type_id_2f476e4b_fk_django_co; Type: FK CONSTRAINT; Schema: public; Owner: djcrmuser
--

ALTER TABLE ONLY public.auth_permission
    ADD CONSTRAINT auth_permission_content_type_id_2f476e4b_fk_django_co FOREIGN KEY (content_type_id) REFERENCES public.django_content_type(id) DEFERRABLE INITIALLY DEFERRED;


--
-- Name: django_admin_log django_admin_log_content_type_id_c4bce8eb_fk_django_co; Type: FK CONSTRAINT; Schema: public; Owner: djcrmuser
--

ALTER TABLE ONLY public.django_admin_log
    ADD CONSTRAINT django_admin_log_content_type_id_c4bce8eb_fk_django_co FOREIGN KEY (content_type_id) REFERENCES public.django_content_type(id) DEFERRABLE INITIALLY DEFERRED;


--
-- Name: django_admin_log django_admin_log_user_id_c564eba6_fk_leads_user_id; Type: FK CONSTRAINT; Schema: public; Owner: djcrmuser
--

ALTER TABLE ONLY public.django_admin_log
    ADD CONSTRAINT django_admin_log_user_id_c564eba6_fk_leads_user_id FOREIGN KEY (user_id) REFERENCES public.leads_user(id) DEFERRABLE INITIALLY DEFERRED;


--
-- Name: leads_agent leads_agent_organization_id_4b0daeda_fk_leads_userprofile_id; Type: FK CONSTRAINT; Schema: public; Owner: djcrmuser
--

ALTER TABLE ONLY public.leads_agent
    ADD CONSTRAINT leads_agent_organization_id_4b0daeda_fk_leads_userprofile_id FOREIGN KEY (organization_id) REFERENCES public.leads_userprofile(id) DEFERRABLE INITIALLY DEFERRED;


--
-- Name: leads_agent leads_agent_user_id_6baab848_fk_leads_user_id; Type: FK CONSTRAINT; Schema: public; Owner: djcrmuser
--

ALTER TABLE ONLY public.leads_agent
    ADD CONSTRAINT leads_agent_user_id_6baab848_fk_leads_user_id FOREIGN KEY (user_id) REFERENCES public.leads_user(id) DEFERRABLE INITIALLY DEFERRED;


--
-- Name: leads_category leads_category_organization_id_eb5d8fa3_fk_leads_userprofile_id; Type: FK CONSTRAINT; Schema: public; Owner: djcrmuser
--

ALTER TABLE ONLY public.leads_category
    ADD CONSTRAINT leads_category_organization_id_eb5d8fa3_fk_leads_userprofile_id FOREIGN KEY (organization_id) REFERENCES public.leads_userprofile(id) DEFERRABLE INITIALLY DEFERRED;


--
-- Name: leads_lead leads_lead_agent_id_fb1042af_fk_leads_agent_id; Type: FK CONSTRAINT; Schema: public; Owner: djcrmuser
--

ALTER TABLE ONLY public.leads_lead
    ADD CONSTRAINT leads_lead_agent_id_fb1042af_fk_leads_agent_id FOREIGN KEY (agent_id) REFERENCES public.leads_agent(id) DEFERRABLE INITIALLY DEFERRED;


--
-- Name: leads_lead leads_lead_category_id_eb5283fa_fk_leads_category_id; Type: FK CONSTRAINT; Schema: public; Owner: djcrmuser
--

ALTER TABLE ONLY public.leads_lead
    ADD CONSTRAINT leads_lead_category_id_eb5283fa_fk_leads_category_id FOREIGN KEY (category_id) REFERENCES public.leads_category(id) DEFERRABLE INITIALLY DEFERRED;


--
-- Name: leads_lead leads_lead_organization_id_32e3ac83_fk_leads_userprofile_id; Type: FK CONSTRAINT; Schema: public; Owner: djcrmuser
--

ALTER TABLE ONLY public.leads_lead
    ADD CONSTRAINT leads_lead_organization_id_32e3ac83_fk_leads_userprofile_id FOREIGN KEY (organization_id) REFERENCES public.leads_userprofile(id) DEFERRABLE INITIALLY DEFERRED;


--
-- Name: leads_user_groups leads_user_groups_group_id_17e877ad_fk_auth_group_id; Type: FK CONSTRAINT; Schema: public; Owner: djcrmuser
--

ALTER TABLE ONLY public.leads_user_groups
    ADD CONSTRAINT leads_user_groups_group_id_17e877ad_fk_auth_group_id FOREIGN KEY (group_id) REFERENCES public.auth_group(id) DEFERRABLE INITIALLY DEFERRED;


--
-- Name: leads_user_groups leads_user_groups_user_id_6890bdd8_fk_leads_user_id; Type: FK CONSTRAINT; Schema: public; Owner: djcrmuser
--

ALTER TABLE ONLY public.leads_user_groups
    ADD CONSTRAINT leads_user_groups_user_id_6890bdd8_fk_leads_user_id FOREIGN KEY (user_id) REFERENCES public.leads_user(id) DEFERRABLE INITIALLY DEFERRED;


--
-- Name: leads_user_user_permissions leads_user_user_perm_permission_id_88335dba_fk_auth_perm; Type: FK CONSTRAINT; Schema: public; Owner: djcrmuser
--

ALTER TABLE ONLY public.leads_user_user_permissions
    ADD CONSTRAINT leads_user_user_perm_permission_id_88335dba_fk_auth_perm FOREIGN KEY (permission_id) REFERENCES public.auth_permission(id) DEFERRABLE INITIALLY DEFERRED;


--
-- Name: leads_user_user_permissions leads_user_user_permissions_user_id_2a9cf662_fk_leads_user_id; Type: FK CONSTRAINT; Schema: public; Owner: djcrmuser
--

ALTER TABLE ONLY public.leads_user_user_permissions
    ADD CONSTRAINT leads_user_user_permissions_user_id_2a9cf662_fk_leads_user_id FOREIGN KEY (user_id) REFERENCES public.leads_user(id) DEFERRABLE INITIALLY DEFERRED;


--
-- Name: leads_userprofile leads_userprofile_user_id_d30c092b_fk_leads_user_id; Type: FK CONSTRAINT; Schema: public; Owner: djcrmuser
--

ALTER TABLE ONLY public.leads_userprofile
    ADD CONSTRAINT leads_userprofile_user_id_d30c092b_fk_leads_user_id FOREIGN KEY (user_id) REFERENCES public.leads_user(id) DEFERRABLE INITIALLY DEFERRED;


--
-- PostgreSQL database dump complete
--

